isFraud,count,mean,std,min,25%,50%,75%,90%,95%,99%,max
0,569877.0,134.51165771484375,239.39508056640625,0.25099998712539673,43.970001220703125,68.5,120.0,267.11199340820497,435.0,1104.0,31937.390625
1,20663.0,149.24476623535156,232.212158203125,0.2919999957084656,35.04399871826172,75.0,161.0,335.0,500.0,994.0,5191.0
