email_match,fraud_rate
No Match,2.207009318984665
Match,9.650355108093343
