card6,total,fraud,fraud_rate
charge card,15,0,0.0
credit,148986,9950,6.678479857167788
debit,439938,10674,2.426250971727834
debit or credit,30,0,0.0
