DeviceType,total,fraud,fraud_rate
desktop,85165,5554,6.521458345564493
mobile,55645,5657,10.166232365890917
,449730,9452,2.1017054677250795
