card4,total,fraud,fraud_rate
american express,8328,239,2.8698366954851102
discover,6651,514,7.72816117877011
mastercard,189217,6496,3.433095334985757
visa,384767,13373,3.4756099145716757
