day_of_week,total,fraud,day_name,fraud_rate
0,86377,3211,Monday,3.717424777429177
1,98502,3550,Tuesday,3.603987736289618
2,79834,2963,Wednesday,3.711451261367337
3,70223,2503,Thursday,3.564359255514575
4,85433,2687,Friday,3.1451546826167873
5,84815,2803,Saturday,3.3048399457643103
6,85356,2946,Sunday,3.4514269647124984
