ProductCD,total,fraud,fraud_rate
C,68519,8008,11.687269224594637
H,33024,1574,4.766230620155039
R,37699,1426,3.782593702750736
S,11628,686,5.8995528035775715
W,439670,8969,2.0399390451929857
