DeviceInfo,total,fraud,fraud_rate
MacOS,12573,278,2.211087250457329
SM-G531H Build/LMY48B,410,33,8.048780487804878
SM-G610M Build/MMB29K,461,37,8.026030368763557
SM-J700M Build/MMB29K,549,60,10.92896174863388
Trident/7.0,7440,96,1.2903225806451613
Windows,47722,3121,6.539960605171618
iOS Device,19782,1240,6.268324739662319
rv:11.0,1901,76,3.9978958442924775
rv:57.0,962,103,10.706860706860708
rv:59.0,362,44,12.154696132596685
