auc,avg_precision,f1,precision,recall,youden,threshold,train_samples,val_samples,tn,fp,fn,tp,tpr,fpr
0.9102774992799171,0.6150387377058638,0.5301204819277109,0.842911877394636,0.3866432337434095,0.38398624456578,0.5,64000,16000,15390,41,349,220,0.3866432337434095,0.0026569891776294474
