isFraud,count,pct
0,569877,96.50099908558268
1,20663,3.4990009144173126
